{
  "feature_stats": {
    "entropy_src_ip": {
      "mean": 1.1747665892023453,
      "std": 0.3690002070848094,
      "p95": 1.7401840977368317,
      "p99": 2.641440746609427
    },
    "entropy_dst_port": {
      "mean": 2.6086630695496154,
      "std": 0.47877393737298607,
      "p95": 3.2918375890363203,
      "p99": 3.488552360289725
    },
    "pkt_rate": {
      "mean": 19.632685297691374,
      "std": 26.227397044496012,
      "p95": 47.13999999999978,
      "p99": 155.63400000000001
    },
    "byte_rate": {
      "mean": 3225.760510328068,
      "std": 8704.835993323719,
      "p95": 15036.449999999968,
      "p99": 52602.976000000046
    },
    "iat_mean_ms": {
      "mean": 77.13693790333986,
      "std": 62.40874036010066,
      "p95": 137.28158317861082,
      "p99": 232.14080817190145
    },
    "iat_std_ms": {
      "mean": 145.27581613255302,
      "std": 98.82001770193295,
      "p95": 276.3331544303511,
      "p99": 470.7425932739838
    },
    "tcp_ratio": {
      "mean": 0.8721692696827766,
      "std": 0.21230583185843876,
      "p95": 1.0,
      "p99": 1.0
    },
    "udp_ratio": {
      "mean": 0.12421246054346374,
      "std": 0.20735084449972271,
      "p95": 0.5749202127659572,
      "p99": 0.8760513541666667
    },
    "icmp_ratio": {
      "mean": 0.0020994362379152033,
      "std": 0.008742191190251412,
      "p95": 0.015151515151515152,
      "p99": 0.0396712871287129
    }
  }
}